nom,description
Projet 1,Description de projet 1
Projet 2,Description de projet 2
Projet 3,Description de projet 3
Projet 4,Description de projet 4
Projet 5,Description de projet 5
Projet 6,Description de projet 6
Projet 7,Description de projet 7
Projet 8,Description de projet 8
Projet 9,Description de projet 9
Projet 10,Description de projet 10
Projet 11,Description de projet 11
Projet 12,Description de projet 12
Projet 13,Description de projet 13
Projet 14,Description de projet 14
Projet 15,Description de projet 15
Projet 16,Description de projet 16
Projet 17,Description de projet 17
Projet 18,Description de projet 18
Projet 19,Description de projet 19
Projet 20,Description de projet 20
Projet 21,Description de projet 21
Projet 22,Description de projet 22
Projet 23,Description de projet 23
Projet 24,Description de projet 24
Projet 25,Description de projet 25
Projet 26,Description de projet 26
Projet 27,Description de projet 27
Projet 28,Description de projet 28
Projet 29,Description de projet 29
Projet 30,Description de projet 30
Projet 31,Description de projet 31
Projet 32,Description de projet 32
Projet 33,Description de projet 33
Projet 34,Description de projet 34
Projet 35,Description de projet 35
Projet 36,Description de projet 36
Projet 37,Description de projet 37
Projet 38,Description de projet 38
Projet 39,Description de projet 39
Projet 40,Description de projet 40
Projet 41,Description de projet 41
Projet 42,Description de projet 42
Projet 43,Description de projet 43
Projet 44,Description de projet 44
Projet 45,Description de projet 45
Projet 46,Description de projet 46
Projet 47,Description de projet 47
Projet 48,Description de projet 48
Projet 49,Description de projet 49
Projet 50,Description de projet 50
Projet 51,Description de projet 51
Projet 52,Description de projet 52
Projet 53,Description de projet 53
Projet 54,Description de projet 54
Projet 55,Description de projet 55
Projet 56,Description de projet 56
Projet 57,Description de projet 57
Projet 58,Description de projet 58
Projet 59,Description de projet 59
Projet 60,Description de projet 60
Projet 61,Description de projet 61
Projet 62,Description de projet 62
Projet 63,Description de projet 63
Projet 64,Description de projet 64
Projet 65,Description de projet 65
Projet 66,Description de projet 66
Projet 67,Description de projet 67
Projet 68,Description de projet 68
Projet 69,Description de projet 69
Projet 70,Description de projet 70
Projet 71,Description de projet 71
Projet 72,Description de projet 72
Projet 73,Description de projet 73
Projet 74,Description de projet 74
Projet 75,Description de projet 75
Projet 76,Description de projet 76
Projet 77,Description de projet 77
Projet 78,Description de projet 78
Projet 79,Description de projet 79
Projet 80,Description de projet 80
Projet 81,Description de projet 81
Projet 82,Description de projet 82
Projet 83,Description de projet 83
Projet 84,Description de projet 84
Projet 85,Description de projet 85
Projet 86,Description de projet 86
Projet 87,Description de projet 87
Projet 88,Description de projet 88
Projet 89,Description de projet 89
Projet 90,Description de projet 90
Projet 91,Description de projet 91
Projet 92,Description de projet 92
Projet 93,Description de projet 93
Projet 94,Description de projet 94
Projet 95,Description de projet 95
Projet 96,Description de projet 96
Projet 97,Description de projet 97
Projet 98,Description de projet 98
Projet 99,Description de projet 99
Projet 100,Description de projet 100
Projet 101,Description de projet 101
Projet 102,Description de projet 102
Projet 103,Description de projet 103
Projet 104,Description de projet 104
Projet 105,Description de projet 105
Projet 106,Description de projet 106
Projet 107,Description de projet 107
Projet 108,Description de projet 108
Projet 109,Description de projet 109
Projet 110,Description de projet 110
Projet 111,Description de projet 111
Projet 112,Description de projet 112
Projet 113,Description de projet 113
Projet 114,Description de projet 114
Projet 115,Description de projet 115
Projet 116,Description de projet 116
Projet 117,Description de projet 117
Projet 118,Description de projet 118
Projet 119,Description de projet 119
Projet 120,Description de projet 120
Projet 121,Description de projet 121
Projet 122,Description de projet 122
Projet 123,Description de projet 123
Projet 124,Description de projet 124
Projet 125,Description de projet 125
Projet 126,Description de projet 126
Projet 127,Description de projet 127
Projet 128,Description de projet 128
Projet 129,Description de projet 129
Projet 130,Description de projet 130
Projet 131,Description de projet 131
Projet 132,Description de projet 132
Projet 133,Description de projet 133
Projet 134,Description de projet 134
Projet 135,Description de projet 135
Projet 136,Description de projet 136
Projet 137,Description de projet 137
Projet 138,Description de projet 138
Projet 139,Description de projet 139
Projet 140,Description de projet 140
Projet 141,Description de projet 141
Projet 142,Description de projet 142
Projet 143,Description de projet 143
Projet 144,Description de projet 144
Projet 145,Description de projet 145
Projet 146,Description de projet 146
Projet 147,Description de projet 147
Projet 148,Description de projet 148
Projet 149,Description de projet 149
Projet 150,Description de projet 150
Projet 151,Description de projet 151
Projet 152,Description de projet 152
Projet 153,Description de projet 153
Projet 154,Description de projet 154
Projet 155,Description de projet 155
Projet 156,Description de projet 156
Projet 157,Description de projet 157
Projet 158,Description de projet 158
Projet 159,Description de projet 159
Projet 160,Description de projet 160
Projet 161,Description de projet 161
Projet 162,Description de projet 162
Projet 163,Description de projet 163
Projet 164,Description de projet 164
Projet 165,Description de projet 165
Projet 166,Description de projet 166
Projet 167,Description de projet 167
Projet 168,Description de projet 168
Projet 169,Description de projet 169
Projet 170,Description de projet 170
Projet 171,Description de projet 171
Projet 172,Description de projet 172
Projet 173,Description de projet 173
Projet 174,Description de projet 174
Projet 175,Description de projet 175
Projet 176,Description de projet 176
Projet 177,Description de projet 177
Projet 178,Description de projet 178
Projet 179,Description de projet 179
Projet 180,Description de projet 180
Projet 181,Description de projet 181
Projet 182,Description de projet 182
Projet 183,Description de projet 183
Projet 184,Description de projet 184
Projet 185,Description de projet 185
Projet 186,Description de projet 186
Projet 187,Description de projet 187
Projet 188,Description de projet 188
Projet 189,Description de projet 189
Projet 190,Description de projet 190
Projet 191,Description de projet 191
Projet 192,Description de projet 192
Projet 193,Description de projet 193
Projet 194,Description de projet 194
Projet 195,Description de projet 195
Projet 196,Description de projet 196
Projet 197,Description de projet 197
Projet 198,Description de projet 198
Projet 199,Description de projet 199
Projet 200,Description de projet 200
Projet 201,Description de projet 201
Projet 202,Description de projet 202
Projet 203,Description de projet 203
Projet 204,Description de projet 204
Projet 205,Description de projet 205
Projet 206,Description de projet 206
Projet 207,Description de projet 207
Projet 208,Description de projet 208
Projet 209,Description de projet 209
Projet 210,Description de projet 210
Projet 211,Description de projet 211
Projet 212,Description de projet 212
Projet 213,Description de projet 213
Projet 214,Description de projet 214
Projet 215,Description de projet 215
Projet 216,Description de projet 216
Projet 217,Description de projet 217
Projet 218,Description de projet 218
Projet 219,Description de projet 219
Projet 220,Description de projet 220
Projet 221,Description de projet 221
Projet 222,Description de projet 222
Projet 223,Description de projet 223
Projet 224,Description de projet 224
Projet 225,Description de projet 225
Projet 226,Description de projet 226
Projet 227,Description de projet 227
Projet 228,Description de projet 228
Projet 229,Description de projet 229
Projet 230,Description de projet 230
Projet 231,Description de projet 231
Projet 232,Description de projet 232
Projet 233,Description de projet 233
Projet 234,Description de projet 234
Projet 235,Description de projet 235
Projet 236,Description de projet 236
Projet 237,Description de projet 237
Projet 238,Description de projet 238
Projet 239,Description de projet 239
Projet 240,Description de projet 240
Projet 241,Description de projet 241
Projet 242,Description de projet 242
Projet 243,Description de projet 243
Projet 244,Description de projet 244
Projet 245,Description de projet 245
Projet 246,Description de projet 246
Projet 247,Description de projet 247
Projet 248,Description de projet 248
Projet 249,Description de projet 249
Projet 250,Description de projet 250
Projet 251,Description de projet 251
Projet 252,Description de projet 252
Projet 253,Description de projet 253
Projet 254,Description de projet 254
Projet 255,Description de projet 255
Projet 256,Description de projet 256
Projet 257,Description de projet 257
Projet 258,Description de projet 258
Projet 259,Description de projet 259
Projet 260,Description de projet 260
Projet 261,Description de projet 261
Projet 262,Description de projet 262
Projet 263,Description de projet 263
Projet 264,Description de projet 264
Projet 265,Description de projet 265
Projet 266,Description de projet 266
Projet 267,Description de projet 267
Projet 268,Description de projet 268
Projet 269,Description de projet 269
Projet 270,Description de projet 270
Projet 271,Description de projet 271
Projet 272,Description de projet 272
Projet 273,Description de projet 273
Projet 274,Description de projet 274
Projet 275,Description de projet 275
Projet 276,Description de projet 276
Projet 277,Description de projet 277
Projet 278,Description de projet 278
Projet 279,Description de projet 279
Projet 280,Description de projet 280
Projet 281,Description de projet 281
Projet 282,Description de projet 282
Projet 283,Description de projet 283
Projet 284,Description de projet 284
Projet 285,Description de projet 285
Projet 286,Description de projet 286
Projet 287,Description de projet 287
Projet 288,Description de projet 288
Projet 289,Description de projet 289
Projet 290,Description de projet 290
Projet 291,Description de projet 291
Projet 292,Description de projet 292
Projet 293,Description de projet 293
Projet 294,Description de projet 294
Projet 295,Description de projet 295
Projet 296,Description de projet 296
Projet 297,Description de projet 297
Projet 298,Description de projet 298
Projet 299,Description de projet 299
Projet 300,Description de projet 300
Projet 301,Description de projet 301
Projet 302,Description de projet 302
Projet 303,Description de projet 303
Projet 304,Description de projet 304
Projet 305,Description de projet 305
Projet 306,Description de projet 306
Projet 307,Description de projet 307
Projet 308,Description de projet 308
Projet 309,Description de projet 309
Projet 310,Description de projet 310
Projet 311,Description de projet 311
Projet 312,Description de projet 312
Projet 313,Description de projet 313
Projet 314,Description de projet 314
Projet 315,Description de projet 315
Projet 316,Description de projet 316
Projet 317,Description de projet 317
Projet 318,Description de projet 318
Projet 319,Description de projet 319
Projet 320,Description de projet 320
Projet 321,Description de projet 321
Projet 322,Description de projet 322
Projet 323,Description de projet 323
Projet 324,Description de projet 324
Projet 325,Description de projet 325
Projet 326,Description de projet 326
Projet 327,Description de projet 327
Projet 328,Description de projet 328
Projet 329,Description de projet 329
Projet 330,Description de projet 330
Projet 331,Description de projet 331
Projet 332,Description de projet 332
Projet 333,Description de projet 333
Projet 334,Description de projet 334
Projet 335,Description de projet 335
Projet 336,Description de projet 336
Projet 337,Description de projet 337
Projet 338,Description de projet 338
Projet 339,Description de projet 339
Projet 340,Description de projet 340
Projet 341,Description de projet 341
Projet 342,Description de projet 342
Projet 343,Description de projet 343
Projet 344,Description de projet 344
Projet 345,Description de projet 345
Projet 346,Description de projet 346
Projet 347,Description de projet 347
Projet 348,Description de projet 348
Projet 349,Description de projet 349
Projet 350,Description de projet 350
Projet 351,Description de projet 351
Projet 352,Description de projet 352
Projet 353,Description de projet 353
Projet 354,Description de projet 354
Projet 355,Description de projet 355
Projet 356,Description de projet 356
Projet 357,Description de projet 357
Projet 358,Description de projet 358
Projet 359,Description de projet 359
Projet 360,Description de projet 360
Projet 361,Description de projet 361
Projet 362,Description de projet 362
Projet 363,Description de projet 363
Projet 364,Description de projet 364
Projet 365,Description de projet 365
Projet 366,Description de projet 366
Projet 367,Description de projet 367
Projet 368,Description de projet 368
Projet 369,Description de projet 369
Projet 370,Description de projet 370
Projet 371,Description de projet 371
Projet 372,Description de projet 372
Projet 373,Description de projet 373
Projet 374,Description de projet 374
Projet 375,Description de projet 375
Projet 376,Description de projet 376
Projet 377,Description de projet 377
Projet 378,Description de projet 378
Projet 379,Description de projet 379
Projet 380,Description de projet 380
Projet 381,Description de projet 381
Projet 382,Description de projet 382
Projet 383,Description de projet 383
Projet 384,Description de projet 384
Projet 385,Description de projet 385
Projet 386,Description de projet 386
Projet 387,Description de projet 387
Projet 388,Description de projet 388
Projet 389,Description de projet 389
Projet 390,Description de projet 390
Projet 391,Description de projet 391
Projet 392,Description de projet 392
Projet 393,Description de projet 393
Projet 394,Description de projet 394
Projet 395,Description de projet 395
Projet 396,Description de projet 396
Projet 397,Description de projet 397
Projet 398,Description de projet 398
Projet 399,Description de projet 399